<?xml version="1.0" encoding="utf-8"?>
<web-app xmlns:j2ee="http://java.sun.com/xml/ns/j2ee" xmlns:xsi="http://www.w3.org/2001/XMLSchema-instance" xsi:schemaLocation="http://java.sun.com/xml/ns/j2ee        http://java.sun.com/xml/ns/j2ee/web-app_2_4.xsd" version="2.4">
        
    <!-- BEGIN SNIP Smart Preview Dispatcher  -->	
	<servlet>
		<servlet-name>PSOSmartPreviewServlet</servlet-name>
		<servlet-class>org.springframework.web.servlet.DispatcherServlet</servlet-class>
		<init-param>
			<param-name>contextConfigLocation</param-name>
			<param-value>/WEB-INF/addins/PSOSmartPreview/*-servlet.xml</param-value>
		</init-param>
	</servlet>
	<!-- END SNIP -->

    <!-- BEGIN SNIP -->
    <servlet-mapping>
		<servlet-name>PSOSmartPreviewServlet</servlet-name>
		<url-pattern>/user/addins/psosmartpreview/*</url-pattern>
	</servlet-mapping>
    <!-- END SNIP -->
